name,city,state,category,contact_hint
Solar Wholesaler 1,Melbourne,VIC,solar,info1@example.com
Solar Wholesaler 2,Melbourne,VIC,solar,info2@example.com
Solar Wholesaler 3,Melbourne,VIC,solar,info3@example.com
Solar Wholesaler 4,Melbourne,VIC,solar,info4@example.com
Solar Wholesaler 5,Melbourne,VIC,solar,info5@example.com
Solar Wholesaler 6,Melbourne,VIC,solar,info6@example.com
Solar Wholesaler 7,Melbourne,VIC,solar,info7@example.com
Solar Wholesaler 8,Melbourne,VIC,solar,info8@example.com
Solar Wholesaler 9,Melbourne,VIC,solar,info9@example.com
Solar Wholesaler 10,Melbourne,VIC,solar,info10@example.com
Solar Wholesaler 11,Melbourne,VIC,solar,info11@example.com
Solar Wholesaler 12,Melbourne,VIC,solar,info12@example.com
Solar Wholesaler 13,Melbourne,VIC,solar,info13@example.com
Solar Wholesaler 14,Melbourne,VIC,solar,info14@example.com
Solar Wholesaler 15,Melbourne,VIC,solar,info15@example.com
Solar Wholesaler 16,Melbourne,VIC,solar,info16@example.com
Solar Wholesaler 17,Melbourne,VIC,solar,info17@example.com
Solar Wholesaler 18,Melbourne,VIC,solar,info18@example.com
Solar Wholesaler 19,Melbourne,VIC,solar,info19@example.com
Solar Wholesaler 20,Melbourne,VIC,solar,info20@example.com
Solar Wholesaler 21,Melbourne,VIC,solar,info21@example.com
Solar Wholesaler 22,Melbourne,VIC,solar,info22@example.com
Solar Wholesaler 23,Melbourne,VIC,solar,info23@example.com
Solar Wholesaler 24,Melbourne,VIC,solar,info24@example.com
Solar Wholesaler 25,Melbourne,VIC,solar,info25@example.com
Solar Wholesaler 26,Melbourne,VIC,solar,info26@example.com
Solar Wholesaler 27,Melbourne,VIC,solar,info27@example.com
Solar Wholesaler 28,Melbourne,VIC,solar,info28@example.com
Solar Wholesaler 29,Melbourne,VIC,solar,info29@example.com
Solar Wholesaler 30,Melbourne,VIC,solar,info30@example.com
Solar Wholesaler 31,Melbourne,VIC,solar,info31@example.com
Solar Wholesaler 32,Melbourne,VIC,solar,info32@example.com
Solar Wholesaler 33,Melbourne,VIC,solar,info33@example.com
Solar Wholesaler 34,Melbourne,VIC,solar,info34@example.com
Solar Wholesaler 35,Melbourne,VIC,solar,info35@example.com
Solar Wholesaler 36,Melbourne,VIC,solar,info36@example.com
Solar Wholesaler 37,Melbourne,VIC,solar,info37@example.com
Solar Wholesaler 38,Melbourne,VIC,solar,info38@example.com
Solar Wholesaler 39,Melbourne,VIC,solar,info39@example.com
Solar Wholesaler 40,Melbourne,VIC,solar,info40@example.com
Solar Wholesaler 41,Melbourne,VIC,solar,info41@example.com
Solar Wholesaler 42,Melbourne,VIC,solar,info42@example.com
Solar Wholesaler 43,Melbourne,VIC,solar,info43@example.com
Solar Wholesaler 44,Melbourne,VIC,solar,info44@example.com
Solar Wholesaler 45,Melbourne,VIC,solar,info45@example.com
Solar Wholesaler 46,Melbourne,VIC,solar,info46@example.com
Solar Wholesaler 47,Melbourne,VIC,solar,info47@example.com
Solar Wholesaler 48,Melbourne,VIC,solar,info48@example.com
Solar Wholesaler 49,Melbourne,VIC,solar,info49@example.com
Solar Wholesaler 50,Melbourne,VIC,solar,info50@example.com
